"accountkey";"classkey"
0;0
1;1
7465;2
7467;2
7468;2
374;2
375;2
376;2
3473;20
3477;20
3478;20
3487;20
383;2
6658;20
3488;20
386;2
6682;20
396;2
3489;20
399;2
6683;20
3490;20
420;2
6684;20
3491;20
3492;20
3493;20
3494;20
426;2
3495;20
3496;20
427;2
3497;20
3498;20
6685;20
3499;20
3500;20
3501;20
3502;20
3503;20
3504;20
3505;20
6686;20
3506;20
3507;20
6687;20
3508;20
6688;20
3509;20
6689;20
3510;20
3511;20
6690;20
3512;20
3513;20
3514;20
3515;20
3516;20
6691;20
3517;20
3518;20
3519;20
3520;20
3521;20
3522;20
3523;20
3524;20
3525;20
3526;20
3527;20
3530;20
3528;20
3529;20
3531;20
6692;20
271;70
3532;20
3533;20
6693;20
3534;20
3535;20
3536;20
3537;20
3538;20
3543;20
3539;20
3540;20
3541;20
3542;20
3544;20
3545;20
3546;20
3547;20
3548;20
3549;20
3550;20
3551;20
6629;20
3552;20
3553;20
3554;20
3555;20
6694;20
3556;20
6695;20
6696;20
3565;20
3557;20
3558;20
3559;20
3560;20
3561;20
3562;20
6697;20
3563;20
3564;20
3566;20
3567;20
6698;20
3579;20
6699;20
3568;20
3569;20
3570;20
3571;20
3572;20
3573;20
3574;20
3575;20
3576;20
6700;20
3577;20
3578;20
398;2
3580;20
3581;20
3582;20
3583;20
3584;20
6701;20
3585;20
3586;20
3587;20
3588;20
6702;20
3589;20
6703;20
6704;20
3590;20
3591;20
3592;20
3593;20
3594;20
3595;20
3596;20
3597;20
3598;20
3599;20
3600;20
6705;20
3601;20
3602;20
6706;20
3603;20
3604;20
3605;20
3606;20
3607;20
3608;20
3609;20
3610;20
3611;20
6707;20
6708;20
3612;20
3613;20
3614;20
3615;20
6709;20
3616;20
3617;20
3618;20
3619;20
3620;20
3621;20
3622;20
3623;20
6710;20
3624;20
3625;20
3626;20
6711;20
3627;20
3628;20
3629;20
3630;20
3631;20
3656;20
3632;20
3633;20
3634;20
3635;20
3636;20
3637;20
3638;20
3639;20
6712;20
3640;20
3641;20
3642;20
6713;20
3643;20
6714;20
3644;20
3645;20
6715;20
3646;20
3676;20
3647;20
6716;20
3648;20
6717;20
6718;20
6719;20
3649;20
3650;20
3651;20
3652;20
3653;20
3654;20
3655;20
3657;20
3658;20
3659;20
3660;20
3661;20
3662;20
3663;20
3664;20
3665;20
6720;20
3666;20
3667;20
3668;20
3669;20
3670;20
3671;20
3672;20
3673;20
3674;20
6721;20
3675;20
3677;20
3678;20
3679;20
3680;20
3681;20
3682;20
3683;20
3684;20
3685;20
3686;20
3687;20
3688;20
3689;20
3690;20
3691;20
3692;20
3693;20
3694;20
6722;20
3730;20
3695;20
3696;20
6723;20
3697;20
6724;20
6725;20
3737;20
3698;20
3699;20
3700;20
3701;20
3702;20
3703;20
6726;20
3704;20
3705;20
3706;20
3707;20
3708;20
6727;20
3709;20
3710;20
3711;20
3712;20
3713;20
3714;20
6728;20
6729;20
3715;20
3716;20
3717;20
3718;20
3719;20
3720;20
6730;20
3721;20
3722;20
3723;20
3724;20
6731;20
3725;20
3726;20
3727;20
3728;20
3729;20
3731;20
6732;20
3732;20
3733;20
3734;20
3735;20
3736;20
3738;20
6733;20
3739;20
3740;20
3741;20
3742;20
3743;20
3744;20
3745;20
3746;20
3747;20
3748;20
3749;20
3750;20
3751;20
3752;20
3753;20
3800;20
3754;20
3755;20
3756;20
3757;20
3758;20
3759;20
3760;20
3761;20
3762;20
3763;20
3764;20
6734;20
3765;20
3766;20
3767;20
3768;20
3769;20
3770;20
3771;20
3772;20
3773;20
6735;20
3774;20
3775;20
3825;20
3776;20
3827;20
3828;20
6736;20
6737;20
3777;20
3778;20
3779;20
3780;20
3781;20
3782;20
3783;20
3784;20
3785;20
6738;20
3786;20
3787;20
3788;20
3789;20
3790;20
3791;20
3792;20
3793;20
3794;20
3795;20
3796;20
3797;20
3798;20
6739;20
3799;20
3801;20
6740;20
3802;20
3803;20
6741;20
3804;20
3805;20
3806;20
6742;20
3807;20
3866;20
3808;20
3868;20
6743;20
3809;20
3810;20
3811;20
3812;20
3813;20
3814;20
3815;20
3816;20
6744;20
6745;20
3817;20
6746;20
6747;20
3818;20
3819;20
3820;20
3821;20
3822;20
3823;20
3824;20
3826;20
3829;20
3830;20
3831;20
3832;20
3833;20
3834;20
3835;20
3836;20
3837;20
3838;20
3839;20
3840;20
3841;20
3842;20
3843;20
3844;20
3845;20
3846;20
6748;20
3847;20
3848;20
3849;20
3850;20
3851;20
6749;20
3852;20
3853;20
3854;20
3855;20
3856;20
6750;20
6645;20
6751;20
6752;20
3857;20
3858;20
3859;20
3860;20
3861;20
6753;20
3862;20
3863;20
3864;20
3865;20
3867;20
3869;20
3870;20
3871;20
3872;20
3873;20
3874;20
3875;20
3876;20
3877;20
3878;20
3879;20
3880;20
3881;20
3882;20
3883;20
3884;20
3952;20
3885;20
3886;20
6754;20
3887;20
3888;20
3889;20
3890;20
6755;20
6756;20
6528;20
3892;20
3893;20
3894;20
3895;20
6757;20
3896;20
3897;20
3898;20
3899;20
3900;20
6758;20
3901;20
6759;20
3902;20
3903;20
3904;20
3905;20
3906;20
6760;20
3907;20
6761;20
6762;20
3908;20
3909;20
6763;20
3910;20
3911;20
3912;20
3913;20
3992;20
3914;20
3915;20
6764;20
3916;20
3917;20
3918;20
3919;20
3920;20
3921;20
4002;20
3922;20
3923;20
3924;20
6765;20
3925;20
3926;20
3927;20
6766;20
3928;20
3929;20
6767;20
3930;20
3931;20
6768;20
3932;20
6769;20
3933;20
6770;20
3934;20
3935;20
6771;20
6772;20
3936;20
3937;20
6773;20
3938;20
6774;20
3939;20
3940;20
3941;20
3942;20
6775;20
3943;20
3944;20
6776;20
6680;20
3945;20
3946;20
3947;20
3948;20
3949;20
3950;20
3951;20
6777;20
6778;20
3953;20
3954;20
3955;20
3956;20
6779;20
6780;20
3957;20
3958;20
6781;20
6782;20
3959;20
3960;20
3961;20
6783;20
3962;20
3963;20
6784;20
3964;20
3965;20
3966;20
4068;20
3967;20
3968;20
3969;20
3970;20
3971;20
3972;20
3973;20
6785;20
3974;20
6786;20
3975;20
3976;20
3977;20
3978;20
4083;20
6787;20
3979;20
3980;20
6635;20
3981;20
4089;20
3982;20
3983;20
3984;20
3985;20
3986;20
3987;20
3988;20
3989;20
3990;20
3991;20
3993;20
3994;20
3995;20
3996;20
3997;20
3998;20
3999;20
4000;20
4001;20
4003;20
4004;20
4005;20
4006;20
4007;20
4008;20
4009;20
4010;20
4011;20
4012;20
4013;20
4014;20
4015;20
4016;20
4017;20
4018;20
4019;20
4020;20
4021;20
4022;20
6674;20
4023;20
4024;20
4025;20
6788;20
4026;20
6789;20
4027;20
4028;20
4029;20
4030;20
4031;20
4032;20
4033;20
4034;20
6790;20
4035;20
6791;20
4036;20
4037;20
4038;20
6792;20
4039;20
4040;20
4041;20
6793;20
6794;20
4042;20
6795;20
6796;20
4043;20
6797;20
4044;20
4045;20
4046;20
4047;20
6798;20
4048;20
6799;20
4049;20
4050;20
6800;20
6801;20
4051;20
4052;20
6802;20
6803;20
6804;20
4053;20
6805;20
6806;20
4054;20
4055;20
4056;20
4057;20
6807;20
4058;20
4059;20
4060;20
4061;20
4062;20
4063;20
4064;20
4065;20
4066;20
4067;20
6808;20
4069;20
4070;20
4071;20
4072;20
4073;20
6809;20
4074;20
6810;20
4075;20
6811;20
4076;20
4077;20
4078;20
4079;20
6812;20
4080;20
4081;20
4082;20
4084;20
4085;20
4086;20
4087;20
4088;20
6813;20
4090;20
4091;20
4092;20
4093;20
4094;20
4095;20
4096;20
4097;20
4098;20
4099;20
4100;20
4101;20
4102;20
4103;20
4104;20
4105;20
4106;20
4107;20
4108;20
4109;20
4110;20
4111;20
4112;20
4113;20
4114;20
4115;20
4116;20
4117;20
4118;20
4119;20
4120;20
4121;20
4122;20
4123;20
4124;20
4125;20
4126;20
4127;20
4128;20
4129;20
4130;20
4131;20
4132;20
4133;20
4134;20
4135;20
4136;20
4137;20
4138;20
4139;20
4140;20
4141;20
4142;20
4143;20
4144;20
4145;20
4146;20
4147;20
4148;20
4149;20
4150;20
4151;20
6814;20
6815;20
4152;20
4153;20
4154;20
4155;20
4156;20
4157;20
4158;20
4159;20
4160;20
4161;20
4162;20
4163;20
6816;20
4164;20
4165;20
4166;20
4167;20
4168;20
4169;20
4170;20
4171;20
4172;20
4173;20
4174;20
4175;20
4176;20
4310;20
4177;20
4178;20
4179;20
4180;20
4181;20
4182;20
4183;20
4184;20
4185;20
4186;20
4187;20
4188;20
4189;20
4190;20
4191;20
4192;20
4193;20
4194;20
4195;20
4196;20
4197;20
4198;20
4199;20
4200;20
6817;20
6818;20
4201;20
4202;20
4203;20
4204;20
4205;20
4206;20
4207;20
4208;20
4209;20
4210;20
4211;20
4212;20
4213;20
4214;20
4215;20
4216;20
4217;20
4218;20
4219;20
4220;20
4221;20
4222;20
4223;20
4224;20
4225;20
4226;20
4227;20
4228;20
4229;20
4230;20
4231;20
4232;20
4233;20
4234;20
4235;20
4236;20
4237;20
4238;20
4239;20
4240;20
4241;20
4242;20
4243;20
4244;20
4245;20
4246;20
4247;20
4248;20
4249;20
4250;20
4251;20
4252;20
4253;20
4254;20
4255;20
4256;20
4257;20
4258;20
4259;20
4260;20
4261;20
4262;20
4263;20
4264;20
4265;20
4266;20
4267;20
4268;20
6819;20
4269;20
4270;20
4271;20
4272;20
4273;20
4274;20
4275;20
4276;20
4277;20
4278;20
4279;20
4280;20
4281;20
4282;20
4283;20
4284;20
4285;20
4286;20
4287;20
4288;20
4426;20
4289;20
4290;20
4291;20
4430;20
4292;20
4293;20
4294;20
4295;20
4435;20
4296;20
4297;20
4298;20
4299;20
4300;20
4301;20
4302;20
4303;20
4304;20
4305;20
4306;20
4307;20
4308;20
4309;20
4311;20
4312;20
4313;20
4314;20
4315;20
4316;20
4317;20
4318;20
4319;20
4320;20
4321;20
4322;20
4323;20
4324;20
4325;20
4326;20
4327;20
4328;20
4329;20
4330;20
4331;20
4332;20
4333;20
4334;20
4474;20
4335;20
4476;20
4336;20
4337;20
4338;20
4339;20
4481;20
4340;20
4341;20
4342;20
4343;20
4344;20
4345;20
4346;20
4347;20
4348;20
4349;20
4350;20
4351;20
4494;20
4352;20
4353;20
4354;20
4355;20
4356;20
4357;20
4358;20
4359;20
4360;20
4361;20
4362;20
4363;20
4364;20
4365;20
6820;20
4366;20
4367;20
4368;20
4369;20
4370;20
4371;20
4372;20
4373;20
4374;20
4375;20
4376;20
4377;20
4378;20
4379;20
4380;20
4381;20
4382;20
4383;20
4384;20
4385;20
4386;20
4387;20
4388;20
4389;20
4390;20
4391;20
4392;20
4393;20
4394;20
4395;20
4396;20
4397;20
4398;20
4399;20
4400;20
4401;20
4402;20
4403;20
4404;20
4405;20
4406;20
4407;20
4408;20
4409;20
4554;20
4410;20
4411;20
4412;20
4413;20
4414;20
4415;20
4416;20
4417;20
4418;20
4419;20
4420;20
4421;20
4422;20
4423;20
4569;20
4424;20
4425;20
4427;20
4428;20
4429;20
6821;20
4431;20
4432;20
4433;20
4434;20
4436;20
4437;20
4438;20
4439;20
4440;20
4441;20
4442;20
4443;20
4444;20
4445;20
4446;20
4447;20
4448;20
4449;20
4450;20
4451;20
4452;20
4453;20
4454;20
4455;20
4456;20
4457;20
4458;20
4459;20
4460;20
4461;20
4462;20
4463;20
4608;20
4464;20
4465;20
4466;20
4467;20
4468;20
4469;20
4470;20
4471;20
4472;20
4473;20
4475;20
4477;20
4478;20
4479;20
4480;20
4482;20
4483;20
4484;20
4485;20
4486;20
4487;20
4488;20
4489;20
4490;20
4491;20
4492;20
4493;20
4495;20
4496;20
4497;20
4498;20
4499;20
4500;20
4501;20
6822;20
4502;20
6823;20
4503;20
4504;20
4505;20
4649;20
4506;20
4507;20
4508;20
4509;20
4510;20
4511;20
4512;20
4513;20
4514;20
4515;20
6824;20
6825;20
4516;20
4517;20
4518;20
4519;20
4520;20
4667;20
6826;20
4521;20
4522;20
4523;20
4524;20
4525;20
4526;20
6827;20
4527;20
4528;20
4529;20
6828;20
4530;20
6829;20
6830;20
4531;20
4532;20
6831;20
4533;20
4534;20
4535;20
6832;20
4536;20
4537;20
4538;20
4539;20
6833;20
6834;20
4540;20
4697;20
4541;20
4542;20
4543;20
4544;20
6835;20
4545;20
4546;20
6836;20
4547;20
4548;20
4549;20
4550;20
4551;20
4552;20
4553;20
4555;20
6837;20
4556;20
6838;20
4557;20
4718;20
4558;20
6839;20
4559;20
4560;20
4561;20
4562;20
4563;20
6840;20
6841;20
4728;20
4564;20
4565;20
4566;20
4732;20
4567;20
4568;20
6842;20
4736;20
4570;20
4571;20
4572;20
6843;20
6844;20
4573;20
4574;20
4575;20
4576;20
4577;20
4578;20
4579;20
4749;20
4580;20
6845;20
4581;20
4582;20
4583;20
4584;20
6846;20
4585;20
4586;20
4587;20
4588;20
6650;20
4589;20
4590;20
4591;20
4592;20
4593;20
4767;20
6847;20
4594;20
4595;20
4596;20
6848;20
4597;20
4598;20
4599;20
4600;20
4601;20
4602;20
6849;20
4603;20
6850;20
4604;20
4605;20
4606;20
4607;20
4609;20
6851;20
6852;20
4610;20
4611;20
6853;20
6854;20
4612;20
4613;20
4614;20
4615;20
4616;20
4798;20
4617;20
4618;20
6855;20
4619;20
4620;20
4621;20
4622;20
4623;20
4624;20
4625;20
4809;20
6856;20
4626;20
4627;20
4628;20
6857;20
4629;20
6858;20
4630;20
4631;20
4632;20
4633;20
4634;20
4635;20
4636;20
4637;20
4638;20
4826;20
6859;20
4639;20
6860;20
4640;20
4641;20
4642;20
6861;20
4643;20
6862;20
6863;20
4644;20
4645;20
4646;20
6633;20
6864;20
4647;20
4648;20
6865;20
4650;20
4651;20
6866;20
4652;20
4653;20
6867;20
4654;20
6868;20
4655;20
4656;20
6869;20
6870;20
6871;20
6872;20
6873;20
4657;20
4658;20
4659;20
4660;20
4661;20
4662;20
4663;20
4664;20
4665;20
6874;20
6875;20
6876;20
6877;20
4666;20
4668;20
6678;20
4669;20
4670;20
4671;20
4672;20
4673;20
4881;20
6878;20
4674;20
4675;20
4676;20
4677;20
4678;20
4679;20
4680;20
6879;20
6880;20
6881;20
6882;20
6883;20
4681;20
4682;20
4683;20
6884;20
4684;20
4685;20
4686;20
4687;20
4688;20
6885;20
6886;20
4689;20
4690;20
4691;20
4692;20
6887;20
4693;20
6888;20
4694;20
4695;20
4696;20
6889;20
6890;20
4918;20
4698;20
4699;20
4700;20
4701;20
4702;20
4703;20
4704;20
4705;20
4706;20
6891;20
4707;20
4708;20
4709;20
4710;20
4711;20
6892;20
4712;20
6893;20
6894;20
6895;20
4713;20
6896;20
6897;20
4714;20
4715;20
4716;20
4717;20
4719;20
4720;20
6898;20
4721;20
4722;20
6899;20
4723;20
4724;20
4725;20
4726;20
4727;20
6900;20
4729;20
4730;20
4731;20
6901;20
4733;20
6902;20
4734;20
4735;20
6903;20
4737;20
4738;20
4739;20
4740;20
4741;20
6904;20
4742;20
4743;20
4744;20
4745;20
4746;20
4747;20
4748;20
6905;20
4750;20
4982;20
4751;20
6906;20
4752;20
4986;20
4753;20
4754;20
4755;20
4756;20
6907;20
4757;20
4758;20
4759;20
4760;20
4761;20
4762;20
6908;20
6909;20
6910;20
4763;20
4764;20
6911;20
4765;20
4766;20
6912;20
4768;20
5008;20
4769;20
6913;20
4770;20
4771;20
6914;20
4772;20
6915;20
4773;20
4774;20
4775;20
4776;20
6916;20
4777;20
4778;20
6917;20
6918;20
6919;20
6920;20
4779;20
4780;20
4781;20
4782;20
6921;20
4783;20
4784;20
4785;20
4786;20
4787;20
4788;20
4789;20
4790;20
6922;20
4791;20
4792;20
4793;20
4794;20
4795;20
4796;20
4797;20
6923;20
6924;20
6925;20
4799;20
6926;20
4800;20
4801;20
4802;20
4803;20
4804;20
6927;20
6928;20
4805;20
6929;20
4806;20
4807;20
4808;20
4810;20
4811;20
6930;20
4812;20
4813;20
4814;20
4815;20
4816;20
4817;20
4818;20
4819;20
4820;20
6931;20
4821;20
6932;20
4822;20
4823;20
4824;20
6933;20
4825;20
6934;20
6634;20
6935;20
6936;20
4827;20
4828;20
4829;20
6937;20
4830;20
6938;20
6939;20
6940;20
4831;20
6941;20
4832;20
4833;20
4834;20
6942;20
6943;20
6944;20
6945;20
4835;20
4836;20
4837;20
4838;20
4839;20
4840;20
4841;20
6946;20
4842;20
4843;20
4844;20
4845;20
4846;20
4847;20
6947;20
4848;20
4849;20
4850;20
4851;20
4852;20
4853;20
6948;20
4854;20
4855;20
4856;20
6949;20
4857;20
4858;20
4859;20
6950;20
4860;20
4861;20
4862;20
6951;20
5140;20
4863;20
6952;20
4864;20
4865;20
4866;20
4867;20
6953;20
4868;20
4869;20
6954;20
4870;20
6955;20
4871;20
4872;20
4873;20
4874;20
6956;20
4875;20
6957;20
6958;20
4876;20
4877;20
4878;20
4879;20
4880;20
4882;20
4883;20
4884;20
4885;20
4886;20
4887;20
6959;20
4888;20
4889;20
4890;20
6960;20
4891;20
4892;20
4893;20
4894;20
4895;20
4896;20
4897;20
6961;20
4898;20
6962;20
4899;20
4900;20
4901;20
6963;20
4902;20
4903;20
4904;20
4905;20
4906;20
6964;20
6965;20
6966;20
6967;20
6968;20
4907;20
5202;20
6969;20
4908;20
4909;20
6970;20
4910;20
4911;20
4912;20
4913;20
4914;20
4915;20
6971;20
4916;20
4917;20
4919;20
4920;20
4921;20
4922;20
4923;20
4924;20
6972;20
4925;20
4926;20
4927;20
4928;20
4929;20
4930;20
4931;20
4932;20
4933;20
4934;20
6973;20
6974;20
6975;20
4935;20
4936;20
4937;20
4938;20
4939;20
6976;20
4940;20
4941;20
4942;20
4943;20
4944;20
4945;20
4946;20
4947;20
4948;20
4949;20
4950;20
4951;20
4952;20
4953;20
4954;20
4955;20
4956;20
6977;20
6978;20
4957;20
4958;20
5263;20
4959;20
6979;20
4960;20
4961;20
4962;20
4963;20
4964;20
4965;20
6980;20
4966;20
6981;20
4967;20
4968;20
4969;20
4970;20
6982;20
4971;20
4972;20
4973;20
6983;20
4974;20
4975;20
4976;20
6984;20
6985;20
4977;20
4978;20
4979;20
4980;20
4981;20
6986;20
6987;20
4983;20
4984;20
6988;20
4985;20
6989;20
4987;20
6990;20
4988;20
4989;20
4990;20
6991;20
4991;20
6992;20
4992;20
4993;20
4994;20
4995;20
4996;20
4997;20
4998;20
6993;20
4999;20
5000;20
5001;20
6994;20
5002;20
5003;20
5004;20
5005;20
5006;20
5007;20
5009;20
5010;20
5011;20
5012;20
5013;20
5014;20
5015;20
6995;20
5016;20
5017;20
5018;20
5019;20
6996;20
5020;20
5021;20
5022;20
5023;20
6997;20
5024;20
5025;20
5026;20
6998;20
6999;20
5027;20
5028;20
5029;20
5030;20
5031;20
5032;20
5033;20
5034;20
5035;20
5036;20
5037;20
5038;20
5039;20
7000;20
7001;20
5040;20
7002;20
5041;20
7003;20
5042;20
5043;20
5044;20
7004;20
7005;20
5045;20
7006;20
5046;20
5047;20
5048;20
5049;20
5050;20
5051;20
7007;20
5052;20
5053;20
5054;20
5055;20
5056;20
7008;20
5057;20
5058;20
5059;20
5060;20
5061;20
5062;20
7009;20
5063;20
5064;20
7010;20
5065;20
5066;20
5067;20
5068;20
7011;20
7012;20
5069;20
7013;20
7014;20
5070;20
5071;20
5072;20
5073;20
5074;20
5075;20
5076;20
5077;20
7015;20
5078;20
7016;20
5079;20
5080;20
5081;20
5082;20
5083;20
5084;20
5085;20
7017;20
5086;20
5087;20
5088;20
7018;20
7019;20
5089;20
5090;20
7020;20
5091;20
5092;20
5093;20
5094;20
7021;20
5095;20
5096;20
5097;20
5098;20
5099;20
5100;20
5101;20
7022;20
5102;20
7023;20
5103;20
5104;20
5105;20
5106;20
5107;20
7024;20
5108;20
7025;20
5109;20
5110;20
7026;20
5111;20
5112;20
5113;20
5114;20
5465;20
5115;20
7027;20
5116;20
5117;20
7028;20
5118;20
5119;20
5120;20
5121;20
5122;20
7029;20
5123;20
5124;20
5125;20
5126;20
5127;20
5128;20
5129;20
5130;20
5131;20
5132;20
5133;20
5134;20
5135;20
7030;20
5136;20
5492;20
5137;20
5138;20
5139;20
7031;20
7032;20
5141;20
5142;20
5143;20
5144;20
5145;20
5146;20
5504;20
5147;20
7033;20
7034;20
5508;20
5148;20
5149;20
5150;20
7035;20
7036;20
5151;20
5152;20
5153;20
7037;20
7038;20
7039;20
7040;20
7041;20
5154;20
5155;20
5156;20
7042;20
5157;20
5158;20
5159;20
5160;20
5161;20
5162;20
5163;20
5533;20
5164;20
5165;20
5166;20
5167;20
7043;20
7044;20
5168;20
5169;20
5170;20
6644;20
5171;20
5172;20
7045;20
5173;20
5174;20
5175;20
5550;20
7046;20
5552;20
7047;20
5176;20
7048;20
7049;20
5177;20
5178;20
5179;20
5180;20
5181;20
5182;20
7050;20
5183;20
5184;20
5185;20
5186;20
7051;20
5187;20
5188;20
5189;20
5190;20
7052;20
5191;20
5192;20
5193;20
5194;20
5195;20
5196;20
5197;20
5198;20
5199;20
5200;20
5201;20
7053;20
5203;20
7054;20
5204;20
7055;20
5205;20
7056;20
7057;20
7058;20
5206;20
5207;20
7059;20
5208;20
7060;20
5209;20
7061;20
7062;20
7063;20
5210;20
7064;20
5211;20
7065;20
7066;20
5212;20
7067;20
7068;20
5213;20
5214;20
5215;20
5216;20
5217;20
5218;20
5219;20
7069;20
5220;20
5221;20
5222;20
5223;20
5224;20
5225;20
7070;20
7071;20
5226;20
7072;20
5227;20
5228;20
7073;20
5229;20
5230;20
5231;20
7074;20
7075;20
7076;20
5232;20
7077;20
7078;20
5233;20
5234;20
5235;20
7079;20
5236;20
5237;20
7080;20
5238;20
5239;20
5240;20
7081;20
5241;20
5242;20
5243;20
7082;20
5244;20
5245;20
5246;20
7083;20
5247;20
7084;20
5248;20
5249;20
5250;20
5251;20
5252;20
5253;20
5254;20
5255;20
7085;20
5256;20
7086;20
7087;20
5257;20
5258;20
5259;20
5260;20
5261;20
7088;20
5262;20
5264;20
5265;20
7089;20
5266;20
5267;20
5268;20
5269;20
5270;20
6636;20
5690;20
7090;20
5271;20
5272;20
5273;20
5274;20
5275;20
7091;20
5276;20
5277;20
5278;20
5701;20
5279;20
5280;20
7092;20
5281;20
5282;20
5283;20
5284;20
7093;20
7094;20
5285;20
5286;20
5287;20
5288;20
5289;20
7095;20
7096;20
5290;20
5291;20
7097;20
5292;20
5293;20
5294;20
7098;20
5295;20
5296;20
5297;20
5298;20
5299;20
5300;20
5301;20
5302;20
5303;20
7099;20
5304;20
7100;20
7101;20
7102;20
5305;20
5306;20
5307;20
5308;20
5309;20
5310;20
5311;20
5312;20
5313;20
5314;20
5315;20
5316;20
5317;20
5318;20
5319;20
7103;20
5320;20
5321;20
5322;20
5323;20
5324;20
5325;20
5326;20
5762;20
5327;20
5328;20
5329;20
5330;20
7104;20
7105;20
5331;20
7106;20
5332;20
5333;20
5334;20
5335;20
6643;20
7107;20
7108;20
5336;20
5337;20
5338;20
5781;20
7109;20
5339;20
5340;20
5341;20
5342;20
5343;20
5344;20
7110;20
7111;20
5345;20
5346;20
5347;20
5348;20
5349;20
5350;20
5351;20
5352;20
5353;20
5354;20
5355;20
7112;20
5356;20
7113;20
7114;20
7115;20
7116;20
7117;20
5357;20
5358;20
5359;20
5360;20
5361;20
7118;20
5362;20
5363;20
5364;20
5365;20
7119;20
5366;20
5367;20
5368;20
5369;20
5370;20
5371;20
7120;20
5372;20
5373;20
5374;20
7121;20
7122;20
5375;20
5376;20
5377;20
5378;20
7123;20
5837;20
5379;20
7124;20
7125;20
5380;20
5381;20
5382;20
7126;20
5383;20
7127;20
5384;20
6675;20
5385;20
5386;20
5387;20
5388;20
7128;20
7129;20
5389;20
5390;20
5391;20
5392;20
5393;20
5860;20
7130;20
5394;20
7131;20
7132;20
7133;20
5395;20
5396;20
5397;20
5398;20
5399;20
5400;20
5401;20
7134;20
5402;20
5403;20
5404;20
5405;20
5406;20
7135;20
5407;20
7136;20
5408;20
5409;20
5410;20
7137;20
5411;20
5412;20
5413;20
5414;20
7138;20
5415;20
5416;20
5417;20
5418;20
5419;20
5420;20
5421;20
5422;20
7139;20
5423;20
7140;20
5424;20
5425;20
5426;20
5427;20
5428;20
5429;20
5430;20
5431;20
5432;20
7141;20
5433;20
5434;20
7142;20
7143;20
5435;20
5436;20
5437;20
5438;20
7144;20
5439;20
5922;20
5440;20
5924;20
5441;20
5442;20
5443;20
7145;20
7146;20
7147;20
7148;20
5444;20
5445;20
5446;20
5447;20
7149;20
5448;20
5938;20
5449;20
5450;20
7150;20
5451;20
5452;20
5453;20
5454;20
5455;20
5456;20
5457;20
5458;20
7151;20
5459;20
5460;20
7152;20
5461;20
5462;20
5463;20
5464;20
5466;20
5467;20
7153;20
5961;20
7154;20
5468;20
5469;20
7155;20
5470;20
5471;20
5472;20
5473;20
5474;20
5475;20
5476;20
5477;20
5478;20
5479;20
7156;20
5480;20
5481;20
7157;20
5482;20
5483;20
5484;20
5485;20
5486;20
5487;20
5488;20
5489;20
5490;20
7158;20
5491;20
7159;20
7160;20
7161;20
5493;20
7162;20
6651;20
7163;20
5494;20
5495;20
5496;20
5497;20
5498;20
7164;20
5499;20
5500;20
5501;20
5502;20
7165;20
5503;20
5505;20
5506;20
5507;20
5509;20
5510;20
5511;20
5512;20
7166;20
5513;20
5514;20
5515;20
5516;20
7167;20
5517;20
5518;20
5519;20
7168;20
5520;20
5521;20
5522;20
5523;20
5524;20
7169;20
7170;20
5525;20
7171;20
5526;20
5527;20
5528;20
5529;20
5530;20
5531;20
5532;20
5534;20
5535;20
5536;20
5537;20
5538;20
5539;20
5540;20
5541;20
5542;20
7172;20
5543;20
5544;20
5545;20
5546;20
5547;20
7173;20
6656;20
7174;20
7175;20
5548;20
5549;20
5551;20
5553;20
5554;20
5555;20
5556;20
7176;20
5557;20
5558;20
6595;20
5559;20
6655;20
7177;20
7178;20
5560;20
5561;20
5562;20
5563;20
7179;20
5564;20
5565;20
5566;20
5567;20
5568;20
7180;20
5569;20
5570;20
5571;20
5572;20
7181;20
5573;20
5574;20
5575;20
5576;20
7182;20
7183;20
5577;20
6100;20
5578;20
5579;20
5580;20
5581;20
7184;20
5582;20
5583;20
5584;20
5585;20
5586;20
5587;20
5588;20
5589;20
7185;20
5590;20
5591;20
7186;20
7187;20
5592;20
5593;20
7188;20
5594;20
5595;20
6124;20
5596;20
7189;20
7190;20
5597;20
5598;20
5599;20
5600;20
7191;20
5601;20
5602;20
7192;20
5603;20
7193;20
5604;20
5605;20
6140;20
5606;20
5607;20
5608;20
7194;20
5609;20
7195;20
7196;20
7197;20
5610;20
5611;20
5612;20
5613;20
5614;20
7198;20
5615;20
5616;20
5617;20
5618;20
5619;20
5620;20
5621;20
5622;20
5623;20
5624;20
5625;20
5626;20
5627;20
7199;20
5628;20
5629;20
7200;20
5630;20
5631;20
5632;20
6175;20
5633;20
6177;20
5634;20
5635;20
5636;20
5637;20
7201;20
5638;20
7202;20
5639;20
5640;20
5641;20
5642;20
5643;20
5644;20
7203;20
5645;20
5646;20
6194;20
5647;20
5648;20
7204;20
5649;20
7205;20
5650;20
5651;20
5652;20
6637;20
5653;20
7206;20
5654;20
5655;20
5656;20
5657;20
5658;20
6211;20
5659;20
5660;20
5661;20
6215;20
5662;20
5663;20
5664;20
5665;20
5666;20
7207;20
5667;20
5668;20
5669;20
5670;20
7208;20
5671;20
6228;20
5672;20
5673;20
5674;20
5675;20
7209;20
5676;20
5677;20
5678;20
5679;20
5680;20
5681;20
7210;20
6653;20
7211;20
5682;20
5683;20
5684;20
5685;20
7212;20
5686;20
7213;20
5687;20
5688;20
5689;20
5691;20
5692;20
5693;20
5694;20
5695;20
7214;20
6259;20
5696;20
5697;20
7215;20
7216;20
5698;20
5699;20
5700;20
5702;20
5703;20
7217;20
5704;20
5705;20
5706;20
5707;20
6274;20
5708;20
5709;20
5710;20
7218;20
5711;20
5712;20
7219;20
5713;20
5714;20
5715;20
5716;20
5717;20
6660;20
5718;20
7220;20
5719;20
5720;20
5721;20
5722;20
7221;20
5723;20
5724;20
5725;20
5726;20
5727;20
5728;20
5729;20
7222;20
7223;20
5730;20
5731;20
5732;20
5733;20
6308;20
5734;20
7224;20
5735;20
5736;20
5737;20
7225;20
5738;20
5739;20
5740;20
7226;20
5741;20
5742;20
7227;20
5743;20
5744;20
5745;20
7228;20
7229;20
7230;20
5746;20
5747;20
5748;20
5749;20
5750;20
5751;20
7231;20
7232;20
7233;20
5752;20
5753;20
5754;20
5755;20
5756;20
5757;20
5758;20
5759;20
5760;20
7234;20
5761;20
7235;20
5763;20
5764;20
5765;20
5766;20
5767;20
6354;20
5768;20
5769;20
5770;20
7236;20
5771;20
7237;20
7238;20
5772;20
7239;20
5773;20
7240;20
5774;20
5775;20
5776;20
5777;20
5778;20
5779;20
5780;20
7241;20
5782;20
5783;20
5784;20
5785;20
7242;20
5786;20
5787;20
5788;20
5789;20
6677;20
5790;20
7243;20
5791;20
5792;20
5793;20
5794;20
7244;20
5795;20
7245;20
5796;20
5797;20
5798;20
5799;20
5800;20
5801;20
5802;20
5803;20
7246;20
5804;20
5805;20
5806;20
7247;20
7248;20
5807;20
5808;20
5809;20
7249;20
7250;20
7251;20
5810;20
5811;20
5812;20
5813;20
5814;20
5815;20
5816;20
7252;20
5817;20
5818;20
5819;20
5820;20
5821;20
5822;20
5823;20
7253;20
5824;20
5825;20
5826;20
7254;20
7255;20
5827;20
7256;20
5828;20
5829;20
7257;20
5830;20
5831;20
5832;20
5833;20
5834;20
5835;20
5836;20
5838;20
7258;20
5839;20
7259;20
5840;20
5841;20
5842;20
5843;20
5844;20
5845;20
5846;20
5847;20
5848;20
5849;20
7260;20
5850;20
7261;20
5851;20
5852;20
7262;20
5853;20
7263;20
5854;20
7264;20
5855;20
7265;20
5856;20
5857;20
6648;20
7266;20
5858;20
7267;20
7268;20
7269;20
7270;20
7271;20
5859;20
5861;20
5862;20
6485;20
5863;20
7272;20
5864;20
5865;20
5866;20
5867;20
5868;20
5869;20
7273;20
7274;20
5870;20
5871;20
5872;20
5873;20
5874;20
5875;20
7275;20
5876;20
5877;20
5878;20
5879;20
5880;20
5881;20
5882;20
5883;20
6511;20
5884;20
5885;20
5886;20
5887;20
5888;20
5889;20
5890;20
5891;20
7276;20
5892;20
5893;20
5894;20
5895;20
5896;20
5897;20
7277;20
5898;20
6531;2
5899;20
6570;2
6571;2
5900;20
6621;2
6622;2
6623;2
6624;2
5901;20
6626;2
6627;2
6628;2
5902;20
6630;2
6631;2
6632;2
5903;20
5904;20
5905;20
5906;20
5907;20
6638;2
5908;20
5909;20
5910;20
6570;95
6641;95
6641;70
7278;20
6642;20
5911;20
5912;20
5913;20
6646;2
5914;20
5915;20
6649;2
5916;20
5917;20
6652;2
5918;20
5919;20
5920;20
5921;20
5923;20
5925;20
6659;2
5926;20
5927;20
6662;2
6663;2
6664;2
6667;2
6668;2
6672;2
6673;2
3479;20
3480;20
3481;20
3482;20
3483;20
3484;20
3485;20
6681;2
7466;2
3486;20
3473;2
3477;2
3478;2
3479;2
3480;2
3481;2
3482;2
3483;2
3484;2
3485;2
3486;2
3487;2
3488;2
3489;2
3490;2
3491;2
3492;2
3493;2
3494;2
3495;2
3496;2
3497;2
3498;2
3499;2
3500;2
3501;2
3502;2
3503;2
3504;2
3505;2
3506;2
3507;2
3508;2
3509;2
3510;2
3511;2
3512;2
3513;2
3514;2
3515;2
3516;2
3517;2
3518;2
3519;2
3520;2
3521;2
3522;2
3523;2
3524;2
3525;2
3526;2
3527;2
3528;2
3529;2
3530;2
3531;2
3532;2
3533;2
3534;2
3535;2
3536;2
3537;2
3538;2
3539;2
3540;2
3541;2
3542;2
3543;2
3544;2
3545;2
3546;2
3547;2
3548;2
3549;2
3550;2
3551;2
3552;2
3553;2
3554;2
3555;2
3556;2
3557;2
3558;2
3559;2
3560;2
3561;2
3562;2
3563;2
3564;2
3565;2
3566;2
3567;2
3568;2
3569;2
3570;2
3571;2
3572;2
3573;2
3574;2
3575;2
3576;2
3577;2
3578;2
3579;2
3580;2
3581;2
3582;2
3583;2
3584;2
3585;2
3586;2
3587;2
3588;2
3589;2
3590;2
3591;2
3592;2
3593;2
3594;2
3595;2
3596;2
3597;2
3598;2
3599;2
3600;2
3601;2
3602;2
3603;2
3604;2
3605;2
3606;2
3607;2
3608;2
3609;2
3610;2
3611;2
3612;2
3613;2
3614;2
3615;2
3616;2
3617;2
3618;2
3619;2
3620;2
3621;2
3622;2
3623;2
3624;2
3625;2
3626;2
3627;2
3628;2
3629;2
3630;2
3631;2
3632;2
3633;2
3634;2
3635;2
3636;2
3637;2
3638;2
3639;2
3640;2
3641;2
3642;2
3643;2
3644;2
3645;2
3646;2
3647;2
3648;2
3649;2
3650;2
3651;2
3652;2
3653;2
3654;2
3655;2
3656;2
3657;2
3658;2
3659;2
3660;2
3661;2
3662;2
3663;2
3664;2
3665;2
3666;2
3667;2
3668;2
3669;2
3670;2
3671;2
3672;2
3673;2
3674;2
3675;2
3676;2
3677;2
3678;2
3679;2
3680;2
3681;2
3682;2
3683;2
3684;2
3685;2
3686;2
3687;2
3688;2
3689;2
3690;2
3691;2
3692;2
3693;2
3694;2
3695;2
3696;2
3697;2
3698;2
3699;2
3700;2
3701;2
3702;2
3703;2
3704;2
3705;2
3706;2
3707;2
3708;2
3709;2
3710;2
3711;2
3712;2
3713;2
3714;2
3715;2
3716;2
3717;2
3718;2
3719;2
3720;2
3721;2
3722;2
3723;2
3724;2
3725;2
3726;2
3727;2
3728;2
3729;2
3730;2
3731;2
3732;2
3733;2
3734;2
3735;2
3736;2
3737;2
3738;2
3739;2
3740;2
3741;2
3742;2
3743;2
3744;2
3745;2
3746;2
3747;2
3748;2
3749;2
3750;2
3751;2
3752;2
3753;2
3754;2
3755;2
3756;2
3757;2
3758;2
3759;2
3760;2
3761;2
3762;2
3763;2
3764;2
3765;2
3766;2
3767;2
3768;2
3769;2
3770;2
3771;2
3772;2
3773;2
3774;2
3775;2
3776;2
3777;2
3778;2
3779;2
3780;2
3781;2
3782;2
3783;2
3784;2
3785;2
3786;2
3787;2
3788;2
3789;2
3790;2
3791;2
3792;2
3793;2
3794;2
3795;2
3796;2
3797;2
3798;2
3799;2
3800;2
3801;2
3802;2
3803;2
3804;2
3805;2
3806;2
3807;2
3808;2
3809;2
3810;2
3811;2
3812;2
3813;2
3814;2
3815;2
3816;2
3817;2
3818;2
3819;2
3820;2
3821;2
3822;2
3823;2
3824;2
3825;2
3826;2
3827;2
3828;2
3829;2
3830;2
3831;2
3832;2
3833;2
3834;2
3835;2
3836;2
3837;2
3838;2
3839;2
3840;2
3841;2
3842;2
3843;2
3844;2
3845;2
3846;2
3847;2
3848;2
3849;2
3850;2
3851;2
3852;2
3853;2
3854;2
3855;2
3856;2
3857;2
3858;2
3859;2
3860;2
3861;2
3862;2
3863;2
3864;2
3865;2
3866;2
3867;2
3868;2
3869;2
3870;2
3871;2
3872;2
3873;2
3874;2
3875;2
3876;2
3877;2
3878;2
3879;2
3880;2
3881;2
3882;2
3883;2
3884;2
3885;2
3886;2
3887;2
3888;2
3889;2
3890;2
6528;2
3892;2
3893;2
3894;2
3895;2
3896;2
3897;2
3898;2
3899;2
3900;2
3901;2
3902;2
3903;2
3904;2
3905;2
3906;2
3907;2
3908;2
3909;2
3910;2
3911;2
3912;2
3913;2
3914;2
3915;2
3916;2
3917;2
3918;2
3919;2
3920;2
3921;2
3922;2
3923;2
3924;2
3925;2
3926;2
3927;2
3928;2
3929;2
3930;2
3931;2
3932;2
3933;2
3934;2
3935;2
3936;2
3937;2
3938;2
3939;2
3940;2
3941;2
3942;2
3943;2
3944;2
3945;2
3946;2
3947;2
3948;2
3949;2
3950;2
3951;2
3952;2
3953;2
3954;2
3955;2
3956;2
3957;2
3958;2
3959;2
3960;2
3961;2
3962;2
3963;2
3964;2
3965;2
3966;2
3967;2
3968;2
3969;2
3970;2
3971;2
3972;2
3973;2
3974;2
3975;2
3976;2
3977;2
3978;2
3979;2
3980;2
3981;2
3982;2
3983;2
3984;2
3985;2
3986;2
3987;2
3988;2
3989;2
3990;2
3991;2
3992;2
3993;2
3994;2
3995;2
3996;2
3997;2
3998;2
3999;2
4000;2
4001;2
4002;2
4003;2
4004;2
4005;2
4006;2
4007;2
4008;2
4009;2
4010;2
4011;2
4012;2
4013;2
4014;2
4015;2
4016;2
4017;2
4018;2
4019;2
4020;2
4021;2
4022;2
4023;2
4024;2
4025;2
4026;2
4027;2
4028;2
4029;2
4030;2
4031;2
4032;2
4033;2
4034;2
4035;2
4036;2
4037;2
4038;2
4039;2
4040;2
4041;2
4042;2
4043;2
4044;2
4045;2
4046;2
4047;2
4048;2
4049;2
4050;2
4051;2
4052;2
4053;2
4054;2
4055;2
4056;2
4057;2
4058;2
4059;2
4060;2
4061;2
4062;2
4063;2
4064;2
4065;2
4066;2
4067;2
4068;2
4069;2
4070;2
4071;2
4072;2
4073;2
4074;2
4075;2
4076;2
4077;2
4078;2
4079;2
4080;2
4081;2
4082;2
4083;2
4084;2
4085;2
4086;2
4087;2
4088;2
4089;2
4090;2
4091;2
4092;2
4093;2
4094;2
4095;2
4096;2
4097;2
4098;2
4099;2
4100;2
4101;2
4102;2
4103;2
4104;2
4105;2
4106;2
4107;2
4108;2
4109;2
4110;2
4111;2
4112;2
4113;2
4114;2
4115;2
4116;2
4117;2
4118;2
4119;2
4120;2
4121;2
4122;2
4123;2
4124;2
4125;2
4126;2
4127;2
4128;2
4129;2
4130;2
4131;2
4132;2
4133;2
4134;2
4135;2
4136;2
4137;2
4138;2
4139;2
4140;2
4141;2
4142;2
4143;2
4144;2
4145;2
4146;2
4147;2
4148;2
4149;2
4150;2
4151;2
4152;2
4153;2
4154;2
4155;2
4156;2
4157;2
4158;2
4159;2
4160;2
4161;2
4162;2
4163;2
4164;2
4165;2
4166;2
4167;2
4168;2
4169;2
4170;2
4171;2
4172;2
4173;2
4174;2
4175;2
4176;2
4177;2
4178;2
4179;2
4180;2
4181;2
4182;2
4183;2
4184;2
4185;2
4186;2
4187;2
4188;2
4189;2
4190;2
4191;2
4192;2
4193;2
4194;2
4195;2
4196;2
4197;2
4198;2
4199;2
4200;2
4201;2
4202;2
4203;2
4204;2
4205;2
4206;2
4207;2
4208;2
4209;2
4210;2
4211;2
4212;2
4213;2
4214;2
4215;2
4216;2
4217;2
4218;2
4219;2
4220;2
4221;2
4222;2
4223;2
4224;2
4225;2
4226;2
4227;2
4228;2
4229;2
4230;2
4231;2
4232;2
4233;2
4234;2
4235;2
4236;2
4237;2
4238;2
4239;2
4240;2
4241;2
4242;2
4243;2
4244;2
4245;2
4246;2
4247;2
4248;2
4249;2
4250;2
4251;2
4252;2
4253;2
4254;2
4255;2
4256;2
4257;2
4258;2
4259;2
4260;2
4261;2
4262;2
4263;2
4264;2
4265;2
4266;2
4267;2
4268;2
4269;2
4270;2
4271;2
4272;2
4273;2
4274;2
4275;2
4276;2
4277;2
4278;2
4279;2
4280;2
4281;2
4282;2
4283;2
4284;2
4285;2
4286;2
4287;2
4288;2
4289;2
4290;2
4291;2
4292;2
4293;2
4294;2
4295;2
4296;2
4297;2
4298;2
4299;2
4300;2
4301;2
4302;2
4303;2
4304;2
4305;2
4306;2
4307;2
4308;2
4309;2
4310;2
4311;2
4312;2
4313;2
4314;2
4315;2
4316;2
4317;2
4318;2
4319;2
4320;2
4321;2
4322;2
4323;2
4324;2
4325;2
4326;2
4327;2
4328;2
4329;2
4330;2
4331;2
4332;2
4333;2
4334;2
4335;2
4336;2
4337;2
4338;2
4339;2
4340;2
4341;2
4342;2
4343;2
4344;2
4345;2
4346;2
4347;2
4348;2
4349;2
4350;2
4351;2
4352;2
4353;2
4354;2
4355;2
4356;2
4357;2
4358;2
4359;2
4360;2
4361;2
4362;2
4363;2
4364;2
4365;2
4366;2
4367;2
4368;2
4369;2
4370;2
4371;2
4372;2
4373;2
4374;2
4375;2
4376;2
4377;2
4378;2
4379;2
4380;2
4381;2
4382;2
4383;2
4384;2
4385;2
4386;2
4387;2
4388;2
4389;2
4390;2
4391;2
4392;2
4393;2
4394;2
4395;2
4396;2
4397;2
4398;2
4399;2
4400;2
4401;2
4402;2
4403;2
4404;2
4405;2
4406;2
4407;2
4408;2
4409;2
4410;2
4411;2
4412;2
4413;2
4414;2
4415;2
4416;2
4417;2
4418;2
4419;2
4420;2
4421;2
4422;2
4423;2
4424;2
4425;2
4426;2
4427;2
4428;2
4429;2
4430;2
4431;2
4432;2
4433;2
4434;2
4435;2
4436;2
4437;2
4438;2
4439;2
4440;2
4441;2
4442;2
4443;2
4444;2
4445;2
4446;2
4447;2
4448;2
4449;2
4450;2
4451;2
4452;2
4453;2
4454;2
4455;2
4456;2
4457;2
4458;2
4459;2
4460;2
4461;2
4462;2
4463;2
4464;2
4465;2
4466;2
4467;2
4468;2
4469;2
4470;2
4471;2
4472;2
4473;2
4474;2
4475;2
4476;2
4477;2
4478;2
4479;2
4480;2
4481;2
4482;2
4483;2
4484;2
4485;2
4486;2
4487;2
4488;2
4489;2
4490;2
4491;2
4492;2
4493;2
4494;2
4495;2
4496;2
4497;2
4498;2
4499;2
4500;2
4501;2
4502;2
4503;2
4504;2
4505;2
4506;2
4507;2
4508;2
4509;2
4510;2
4511;2
4512;2
4513;2
4514;2
4515;2
4516;2
4517;2
4518;2
4519;2
4520;2
4521;2
4522;2
4523;2
4524;2
4525;2
4526;2
4527;2
4528;2
4529;2
4530;2
4531;2
4532;2
4533;2
4534;2
4535;2
4536;2
4537;2
4538;2
4539;2
4540;2
4541;2
4542;2
4543;2
4544;2
4545;2
4546;2
4547;2
4548;2
4549;2
4550;2
4551;2
4552;2
4553;2
4554;2
4555;2
4556;2
4557;2
4558;2
4559;2
4560;2
4561;2
4562;2
4563;2
4564;2
4565;2
4566;2
4567;2
4568;2
4569;2
4570;2
4571;2
4572;2
4573;2
4574;2
4575;2
4576;2
4577;2
4578;2
4579;2
4580;2
4581;2
4582;2
4583;2
4584;2
4585;2
4586;2
4587;2
4588;2
4589;2
4590;2
4591;2
4592;2
4593;2
4594;2
4595;2
4596;2
4597;2
4598;2
4599;2
4600;2
4601;2
4602;2
4603;2
4604;2
4605;2
4606;2
4607;2
4608;2
4609;2
4610;2
4611;2
4612;2
4613;2
4614;2
4615;2
4616;2
4617;2
4618;2
4619;2
4620;2
4621;2
4622;2
4623;2
4624;2
4625;2
4626;2
4627;2
4628;2
4629;2
4630;2
4631;2
4632;2
4633;2
4634;2
4635;2
4636;2
4637;2
4638;2
4639;2
4640;2
4641;2
4642;2
4643;2
4644;2
4645;2
4646;2
4647;2
4648;2
4649;2
4650;2
4651;2
4652;2
4653;2
4654;2
4655;2
4656;2
4657;2
4658;2
4659;2
4660;2
4661;2
4662;2
4663;2
4664;2
4665;2
4666;2
4667;2
4668;2
4669;2
4670;2
4671;2
4672;2
4673;2
4674;2
4675;2
4676;2
4677;2
4678;2
4679;2
4680;2
4681;2
4682;2
4683;2
4684;2
4685;2
4686;2
4687;2
4688;2
4689;2
4690;2
4691;2
4692;2
4693;2
4694;2
4695;2
4696;2
4697;2
4698;2
4699;2
4700;2
4701;2
4702;2
4703;2
4704;2
4705;2
4706;2
4707;2
4708;2
4709;2
4710;2
4711;2
4712;2
4713;2
4714;2
4715;2
4716;2
4717;2
4718;2
4719;2
4720;2
4721;2
4722;2
4723;2
4724;2
4725;2
4726;2
4727;2
4728;2
4729;2
4730;2
4731;2
4732;2
4733;2
4734;2
4735;2
4736;2
4737;2
4738;2
4739;2
4740;2
4741;2
4742;2
4743;2
4744;2
4745;2
4746;2
4747;2
4748;2
4749;2
4750;2
4751;2
4752;2
4753;2
4754;2
4755;2
4756;2
4757;2
4758;2
4759;2
4760;2
4761;2
4762;2
4763;2
4764;2
4765;2
4766;2
4767;2
4768;2
4769;2
4770;2
4771;2
4772;2
4773;2
4774;2
4775;2
4776;2
4777;2
4778;2
4779;2
4780;2
4781;2
4782;2
4783;2
4784;2
4785;2
4786;2
4787;2
4788;2
4789;2
4790;2
4791;2
4792;2
4793;2
4794;2
4795;2
4796;2
4797;2
4798;2
4799;2
4800;2
4801;2
4802;2
4803;2
4804;2
4805;2
4806;2
4807;2
4808;2
4809;2
4810;2
4811;2
4812;2
4813;2
4814;2
4815;2
4816;2
4817;2
4818;2
4819;2
4820;2
4821;2
4822;2
4823;2
4824;2
4825;2
4826;2
4827;2
4828;2
4829;2
4830;2
4831;2
4832;2
4833;2
4834;2
4835;2
4836;2
4837;2
4838;2
4839;2
4840;2
4841;2
4842;2
4843;2
4844;2
4845;2
4846;2
4847;2
4848;2
4849;2
4850;2
4851;2
4852;2
4853;2
4854;2
4855;2
4856;2
4857;2
4858;2
4859;2
4860;2
4861;2
4862;2
4863;2
4864;2
4865;2
4866;2
4867;2
4868;2
4869;2
4870;2
4871;2
4872;2
4873;2
4874;2
4875;2
4876;2
4877;2
4878;2
4879;2
4880;2
4881;2
4882;2
4883;2
4884;2
4885;2
4886;2
4887;2
4888;2
4889;2
4890;2
4891;2
4892;2
4893;2
4894;2
4895;2
4896;2
4897;2
4898;2
4899;2
4900;2
4901;2
4902;2
4903;2
4904;2
4905;2
4906;2
4907;2
4908;2
4909;2
4910;2
4911;2
4912;2
4913;2
4914;2
4915;2
4916;2
4917;2
4918;2
4919;2
4920;2
4921;2
4922;2
4923;2
4924;2
4925;2
4926;2
4927;2
4928;2
4929;2
4930;2
4931;2
4932;2
4933;2
4934;2
4935;2
4936;2
4937;2
4938;2
4939;2
4940;2
4941;2
4942;2
4943;2
4944;2
4945;2
4946;2
4947;2
4948;2
4949;2
4950;2
4951;2
4952;2
4953;2
4954;2
4955;2
4956;2
4957;2
4958;2
4959;2
4960;2
4961;2
4962;2
4963;2
4964;2
4965;2
4966;2
4967;2
4968;2
4969;2
4970;2
4971;2
4972;2
4973;2
4974;2
4975;2
4976;2
4977;2
4978;2
4979;2
4980;2
4981;2
4982;2
4983;2
4984;2
4985;2
4986;2
4987;2
4988;2
4989;2
4990;2
4991;2
4992;2
4993;2
4994;2
4995;2
4996;2
4997;2
4998;2
4999;2
5000;2
5001;2
5002;2
5003;2
5004;2
5005;2
5006;2
5007;2
5008;2
5009;2
5010;2
5011;2
5012;2
5013;2
5014;2
5015;2
5016;2
5017;2
5018;2
5019;2
5020;2
5021;2
5022;2
5023;2
5024;2
5025;2
5026;2
5027;2
5028;2
5029;2
5030;2
5031;2
5032;2
5033;2
5034;2
5035;2
5036;2
5037;2
5038;2
5039;2
5040;2
5041;2
5042;2
5043;2
5044;2
5045;2
5046;2
5047;2
5048;2
5049;2
5050;2
5051;2
5052;2
5053;2
5054;2
5055;2
5056;2
5057;2
5058;2
5059;2
5060;2
5061;2
5062;2
5063;2
5064;2
5065;2
5066;2
5067;2
5068;2
5069;2
5070;2
5071;2
5072;2
5073;2
5074;2
5075;2
5076;2
5077;2
5078;2
5079;2
5080;2
5081;2
5082;2
5083;2
5084;2
5085;2
5086;2
5087;2
5088;2
5089;2
5090;2
5091;2
5092;2
5093;2
5094;2
5095;2
5096;2
5097;2
5098;2
5099;2
5100;2
5101;2
5102;2
5103;2
5104;2
5105;2
5106;2
5107;2
5108;2
5109;2
5110;2
5111;2
5112;2
5113;2
5114;2
5115;2
5116;2
5117;2
5118;2
5119;2
5120;2
5121;2
5122;2
5123;2
5124;2
5125;2
5126;2
5127;2
5128;2
5129;2
5130;2
5131;2
5132;2
5133;2
5134;2
5135;2
5136;2
5137;2
5138;2
5139;2
5140;2
5141;2
5142;2
5143;2
5144;2
5145;2
5146;2
5147;2
5148;2
5149;2
5150;2
5151;2
5152;2
5153;2
5154;2
5155;2
5156;2
5157;2
5158;2
5159;2
5160;2
5161;2
5162;2
5163;2
5164;2
5165;2
5166;2
5167;2
5168;2
5169;2
5170;2
5171;2
5172;2
5173;2
5174;2
5175;2
5176;2
5177;2
5178;2
5179;2
5180;2
5181;2
5182;2
5183;2
5184;2
5185;2
5186;2
5187;2
5188;2
5189;2
5190;2
5191;2
5192;2
5193;2
5194;2
5195;2
5196;2
5197;2
5198;2
5199;2
5200;2
5201;2
5202;2
5203;2
5204;2
5205;2
5206;2
5207;2
5208;2
5209;2
5210;2
5211;2
5212;2
5213;2
5214;2
5215;2
5216;2
5217;2
5218;2
5219;2
5220;2
5221;2
5222;2
5223;2
5224;2
5225;2
5226;2
5227;2
5228;2
5229;2
5230;2
5231;2
5232;2
5233;2
5234;2
5235;2
5236;2
5237;2
5238;2
5239;2
5240;2
5241;2
5242;2
5243;2
5244;2
5245;2
5246;2
5247;2
5248;2
5249;2
5250;2
5251;2
5252;2
5253;2
5254;2
5255;2
5256;2
5257;2
5258;2
5259;2
5260;2
5261;2
5262;2
5263;2
5264;2
5265;2
5266;2
5267;2
5268;2
5269;2
5270;2
5271;2
5272;2
5273;2
5274;2
5275;2
5276;2
5277;2
5278;2
5279;2
5280;2
5281;2
5282;2
5283;2
5284;2
5285;2
5286;2
5287;2
5288;2
5289;2
5290;2
5291;2
5292;2
5293;2
5294;2
5295;2
5296;2
5297;2
5298;2
5299;2
5300;2
5301;2
5302;2
5303;2
5304;2
5305;2
5306;2
5307;2
5308;2
5309;2
5310;2
5311;2
5312;2
5313;2
5314;2
5315;2
5316;2
5317;2
5318;2
5319;2
5320;2
5321;2
5322;2
5323;2
5324;2
5325;2
5326;2
5327;2
5328;2
5329;2
5330;2
5331;2
5332;2
5333;2
5334;2
5335;2
5336;2
5337;2
5338;2
5339;2
5340;2
5341;2
5342;2
5343;2
5344;2
5345;2
5346;2
5347;2
5348;2
5349;2
5350;2
5351;2
5352;2
5353;2
5354;2
5355;2
5356;2
5357;2
5358;2
5359;2
5360;2
5361;2
5362;2
5363;2
5364;2
5365;2
5366;2
5367;2
5368;2
5369;2
5370;2
5371;2
5372;2
5373;2
5374;2
5375;2
5376;2
5377;2
5378;2
5379;2
5380;2
5381;2
5382;2
5383;2
5384;2
5385;2
5386;2
5387;2
5388;2
5389;2
5390;2
5391;2
5392;2
5393;2
5394;2
5395;2
5396;2
5397;2
5398;2
5399;2
5400;2
5401;2
5402;2
5403;2
5404;2
5405;2
5406;2
5407;2
5408;2
5409;2
5410;2
5411;2
5412;2
5413;2
5414;2
5415;2
5416;2
5417;2
5418;2
5419;2
5420;2
5421;2
5422;2
5423;2
5424;2
5425;2
5426;2
5427;2
5428;2
5429;2
5430;2
5431;2
5432;2
5433;2
5434;2
5435;2
5436;2
5437;2
5438;2
5439;2
5440;2
5441;2
5442;2
5443;2
5444;2
5445;2
5446;2
5447;2
5448;2
5449;2
5450;2
5451;2
5452;2
5453;2
5454;2
5455;2
5456;2
5457;2
5458;2
5459;2
5460;2
5461;2
5462;2
5463;2
5464;2
5465;2
5466;2
5467;2
5468;2
5469;2
5470;2
5471;2
5472;2
5473;2
5474;2
5475;2
5476;2
5477;2
5478;2
5479;2
5480;2
5481;2
5482;2
5483;2
5484;2
5485;2
5486;2
5487;2
5488;2
5489;2
5490;2
5491;2
5492;2
5493;2
5494;2
5495;2
5496;2
5497;2
5498;2
5499;2
5500;2
5501;2
5502;2
5503;2
5504;2
5505;2
5506;2
5507;2
5508;2
5509;2
5510;2
5511;2
5512;2
5513;2
5514;2
5515;2
5516;2
5517;2
5518;2
5519;2
5520;2
5521;2
5522;2
5523;2
5524;2
5525;2
5526;2
5527;2
5528;2
5529;2
5530;2
5531;2
5532;2
5533;2
5534;2
5535;2
5536;2
5537;2
5538;2
5539;2
5540;2
5541;2
5542;2
5543;2
5544;2
5545;2
5546;2
5547;2
5548;2
5549;2
5550;2
5551;2
5552;2
5553;2
5554;2
5555;2
5556;2
5557;2
5558;2
5559;2
5560;2
5561;2
5562;2
5563;2
5564;2
5565;2
5566;2
5567;2
5568;2
5569;2
5570;2
5571;2
5572;2
5573;2
5574;2
5575;2
5576;2
5577;2
5578;2
5579;2
5580;2
5581;2
5582;2
5583;2
5584;2
5585;2
5586;2
5587;2
5588;2
5589;2
5590;2
5591;2
5592;2
5593;2
5594;2
5595;2
5596;2
5597;2
5598;2
5599;2
5600;2
5601;2
5602;2
5603;2
5604;2
5605;2
5606;2
5607;2
5608;2
5609;2
5610;2
5611;2
5612;2
5613;2
5614;2
5615;2
5616;2
5617;2
5618;2
5619;2
5620;2
5621;2
5622;2
5623;2
5624;2
5625;2
5626;2
5627;2
5628;2
5629;2
5630;2
5631;2
5632;2
5633;2
5634;2
5635;2
5636;2
5637;2
5638;2
5639;2
5640;2
5641;2
5642;2
5643;2
5644;2
5645;2
5646;2
5647;2
5648;2
5649;2
5650;2
5651;2
5652;2
5653;2
5654;2
5655;2
5656;2
5657;2
5658;2
5659;2
5660;2
5661;2
5662;2
5663;2
5664;2
5665;2
5666;2
5667;2
5668;2
5669;2
5670;2
5671;2
5672;2
5673;2
5674;2
5675;2
5676;2
5677;2
5678;2
5679;2
5680;2
5681;2
5682;2
5683;2
5684;2
5685;2
5686;2
5687;2
5688;2
5689;2
5690;2
5691;2
5692;2
5693;2
5694;2
5695;2
5696;2
5697;2
5698;2
5699;2
5700;2
5701;2
5702;2
5703;2
5704;2
5705;2
5706;2
5707;2
5708;2
5709;2
5710;2
5711;2
5712;2
5713;2
5714;2
5715;2
5716;2
5717;2
5718;2
5719;2
5720;2
5721;2
5722;2
5723;2
5724;2
5725;2
5726;2
5727;2
5728;2
5729;2
5730;2
5731;2
5732;2
5733;2
5734;2
5735;2
5736;2
5737;2
5738;2
5739;2
5740;2
5741;2
5742;2
5743;2
5744;2
5745;2
5746;2
5747;2
5748;2
5749;2
5750;2
5751;2
5752;2
5753;2
5754;2
5755;2
5756;2
5757;2
5758;2
5759;2
5760;2
5761;2
5762;2
5763;2
5764;2
5765;2
5766;2
5767;2
5768;2
5769;2
5770;2
5771;2
5772;2
5773;2
5774;2
5775;2
5776;2
5777;2
5778;2
5779;2
5780;2
5781;2
5782;2
5783;2
5784;2
5785;2
5786;2
5787;2
5788;2
5789;2
5790;2
5791;2
5792;2
5793;2
5794;2
5795;2
5796;2
5797;2
5798;2
5799;2
5800;2
5801;2
5802;2
5803;2
5804;2
5805;2
5806;2
5807;2
5808;2
5809;2
5810;2
5811;2
5812;2
5813;2
5814;2
5815;2
5816;2
5817;2
5818;2
5819;2
5820;2
5821;2
5822;2
5823;2
5824;2
5825;2
5826;2
5827;2
5828;2
5829;2
5830;2
5831;2
5832;2
5833;2
5834;2
5835;2
5836;2
5837;2
5838;2
5839;2
5840;2
5841;2
5842;2
5843;2
5844;2
5845;2
5846;2
5847;2
5848;2
5849;2
5850;2
5851;2
5852;2
5853;2
5854;2
5855;2
5856;2
5857;2
5858;2
5859;2
5860;2
5861;2
5862;2
5863;2
5864;2
5865;2
5866;2
5867;2
5868;2
5869;2
5870;2
5871;2
5872;2
5873;2
5874;2
5875;2
5876;2
5877;2
5878;2
5879;2
5880;2
5881;2
5882;2
5883;2
5884;2
5885;2
5886;2
5887;2
5888;2
5889;2
5890;2
5891;2
5892;2
5893;2
5894;2
5895;2
5896;2
5897;2
5898;2
5899;2
5900;2
5901;2
5902;2
5903;2
5904;2
5905;2
5906;2
5907;2
5908;2
5909;2
5910;2
5911;2
5912;2
5913;2
5914;2
5915;2
5916;2
5917;2
5918;2
5919;2
5920;2
5921;2
5922;2
5923;2
5924;2
5925;2
5926;2
5927;2
5928;2
5929;2
5930;2
5931;2
5932;2
5933;2
5934;2
5935;2
5936;2
5937;2
5938;2
5939;2
5940;2
5941;2
5942;2
5943;2
5944;2
5945;2
5946;2
5947;2
5948;2
5949;2
5950;2
5951;2
5952;2
5953;2
5954;2
5955;2
5956;2
5957;2
5958;2
5959;2
5960;2
5961;2
5962;2
5963;2
5964;2
5965;2
5966;2
5967;2
5968;2
5969;2
5970;2
5971;2
5972;2
5973;2
5974;2
5975;2
5976;2
5977;2
5978;2
5979;2
5980;2
5981;2
5982;2
5983;2
5984;2
5985;2
5986;2
5987;2
5988;2
5989;2
5990;2
5991;2
5992;2
5993;2
5994;2
5995;2
5996;2
5997;2
5998;2
5999;2
6000;2
6001;2
6002;2
6003;2
6004;2
6005;2
6006;2
6007;2
6008;2
6009;2
6010;2
6011;2
6012;2
6013;2
6014;2
6015;2
6016;2
6017;2
6018;2
6019;2
6020;2
6021;2
6022;2
6023;2
6024;2
6025;2
6026;2
6027;2
6028;2
6029;2
6030;2
6031;2
6032;2
6033;2
6034;2
6035;2
6036;2
6037;2
6038;2
6039;2
6040;2
6041;2
6042;2
6043;2
6044;2
6045;2
6046;2
6047;2
6048;2
6049;2
6050;2
6051;2
6052;2
6053;2
6054;2
6055;2
6056;2
6057;2
6058;2
6059;2
6060;2
6061;2
6062;2
6063;2
6064;2
6065;2
6066;2
6067;2
6068;2
6069;2
6070;2
6071;2
6072;2
6073;2
6074;2
6075;2
6076;2
6077;2
6078;2
6079;2
6080;2
6081;2
6082;2
6083;2
6084;2
6085;2
6086;2
6087;2
6088;2
6089;2
6090;2
6091;2
6092;2
6093;2
6094;2
6095;2
6096;2
6097;2
6098;2
6099;2
6100;2
6101;2
6102;2
6103;2
6104;2
6105;2
6106;2
6107;2
6108;2
6109;2
6110;2
6111;2
6112;2
6113;2
6114;2
6115;2
6116;2
6117;2
6118;2
6119;2
6120;2
6121;2
6122;2
6123;2
6124;2
6125;2
6126;2
6127;2
6128;2
6129;2
6130;2
6131;2
6132;2
6133;2
6134;2
6135;2
6136;2
6137;2
6138;2
6139;2
6140;2
6141;2
6142;2
6143;2
6144;2
6145;2
6146;2
6147;2
6148;2
6149;2
6150;2
6151;2
6152;2
6153;2
6154;2
6155;2
6156;2
6157;2
6158;2
6159;2
6160;2
6161;2
6162;2
6163;2
6164;2
6165;2
6166;2
6167;2
6168;2
6169;2
6170;2
6171;2
6172;2
6173;2
6174;2
6175;2
6176;2
6177;2
6178;2
6179;2
6180;2
6181;2
6182;2
6183;2
6184;2
6185;2
6186;2
6187;2
6188;2
6189;2
6190;2
6191;2
6192;2
6193;2
6194;2
6195;2
6196;2
6197;2
6198;2
6199;2
6200;2
6201;2
6202;2
6203;2
6204;2
6205;2
6206;2
6207;2
6208;2
6209;2
6210;2
6211;2
6212;2
6213;2
6214;2
6215;2
6216;2
6217;2
6218;2
6219;2
6220;2
6221;2
6222;2
6223;2
6224;2
6225;2
6226;2
6227;2
6228;2
6229;2
6230;2
6231;2
6232;2
6233;2
6234;2
6235;2
6236;2
6237;2
6238;2
6239;2
6240;2
6241;2
6242;2
6243;2
6244;2
6245;2
6246;2
6247;2
6248;2
6249;2
6250;2
6251;2
6252;2
6253;2
6254;2
6255;2
6256;2
6257;2
6258;2
6259;2
6260;2
6261;2
6262;2
6263;2
6264;2
6265;2
6266;2
6267;2
6268;2
6269;2
6270;2
6271;2
6272;2
6273;2
6274;2
6275;2
6276;2
6277;2
6278;2
6279;2
6280;2
6281;2
6282;2
6283;2
6284;2
6285;2
6286;2
6287;2
6288;2
6289;2
6290;2
6291;2
6292;2
6293;2
6294;2
6295;2
6296;2
6297;2
6298;2
6299;2
6300;2
6301;2
6302;2
6303;2
6304;2
6305;2
6306;2
6307;2
6308;2
6309;2
6310;2
6311;2
6312;2
6313;2
6314;2
6315;2
6316;2
6317;2
6318;2
6319;2
6320;2
6321;2
6322;2
6323;2
6324;2
6325;2
6326;2
6327;2
6328;2
6329;2
6330;2
6331;2
6332;2
6333;2
6334;2
6335;2
6336;2
6337;2
6338;2
6339;2
6340;2
6341;2
6342;2
6343;2
6344;2
6345;2
6346;2
6347;2
6348;2
6349;2
6350;2
6351;2
6352;2
6353;2
6354;2
6355;2
6356;2
6357;2
6358;2
6359;2
6360;2
6361;2
6362;2
6363;2
6364;2
6365;2
6366;2
6367;2
6368;2
6369;2
6370;2
6371;2
6372;2
6373;2
6374;2
6375;2
6376;2
6377;2
6378;2
6379;2
6380;2
6381;2
6382;2
6383;2
6384;2
6385;2
6386;2
6387;2
6388;2
6389;2
6390;2
6391;2
6392;2
6393;2
6394;2
6395;2
6396;2
6397;2
6398;2
6399;2
6400;2
6401;2
6402;2
6403;2
6404;2
6405;2
6406;2
6407;2
6408;2
6409;2
6410;2
6411;2
6412;2
6413;2
6414;2
6415;2
6416;2
6417;2
6418;2
6419;2
6420;2
6421;2
6422;2
6423;2
6424;2
6425;2
6426;2
6427;2
6428;2
6429;2
6430;2
6431;2
6432;2
6433;2
6434;2
6435;2
6436;2
6437;2
6438;2
6439;2
6440;2
6441;2
6442;2
6443;2
6444;2
6445;2
6446;2
6447;2
6448;2
6449;2
6450;2
6451;2
6452;2
6453;2
6454;2
6455;2
6456;2
6457;2
6458;2
6459;2
6460;2
6461;2
6462;2
6463;2
6464;2
6465;2
6466;2
6467;2
6468;2
6469;2
6470;2
6471;2
6472;2
6473;2
6474;2
6475;2
6476;2
6477;2
6478;2
6479;2
6480;2
6481;2
6482;2
6483;2
6484;2
6485;2
6486;2
6487;2
6488;2
6489;2
6490;2
6491;2
6492;2
6493;2
6494;2
6495;2
6496;2
6497;2
6498;2
6499;2
6500;2
6501;2
6502;2
6503;2
6504;2
6505;2
6506;2
6507;2
6508;2
6509;2
6510;2
6511;2
6512;2
6513;2
6514;2
6515;2
6516;2
6517;2
6518;2
6519;2
6520;2
6521;2
6522;2
6523;2
6524;2
6525;2
6526;2
6527;2
5928;20
5929;20
7279;20
5930;20
5931;20
5932;20
7280;20
5933;20
7281;20
5934;20
5935;20
5936;20
5937;20
5939;20
5940;20
7282;20
7283;20
5941;20
5942;20
5943;20
7284;20
5944;20
7285;20
5945;20
5946;20
7286;20
5947;20
7287;20
5948;20
5949;20
7288;20
5950;20
7289;20
7290;20
5951;20
5952;20
5953;20
5954;20
5955;20
5956;20
5957;20
5958;20
7291;20
5959;20
5960;20
5962;20
5963;20
5964;20
7292;20
6676;20
5965;20
5966;20
7293;20
5967;20
5968;20
7294;20
5969;20
7295;20
5970;20
7296;20
5971;20
5972;20
5973;20
5974;20
5975;20
5976;20
5977;20
5978;20
5979;20
5980;20
7297;20
5981;20
7298;20
5982;20
5983;20
7299;20
5984;20
5985;20
7300;20
7301;20
5986;20
5987;20
5988;20
5989;20
5990;20
5991;20
5992;20
7302;20
5993;20
5994;20
5995;20
5996;20
5997;20
5998;20
7303;20
5999;20
6000;20
6001;20
6002;20
6003;20
7304;20
6004;20
6005;20
6006;20
7305;20
7306;20
6007;20
6008;20
6009;20
6010;20
7307;20
6011;20
6012;20
7308;20
6013;20
6014;20
6015;20
6016;20
6017;20
6018;20
6019;20
6020;20
7309;20
6021;20
7310;20
6022;20
6023;20
6024;20
6025;20
7311;20
7312;20
7313;20
6026;20
6027;20
6028;20
6029;20
6030;20
6031;20
6032;20
6033;20
7314;20
6034;20
6035;20
6036;20
7315;20
6037;20
6038;20
7316;20
6039;20
6040;20
6041;20
6042;20
6043;20
6044;20
6045;20
7317;20
6046;20
7318;20
6047;20
6048;20
7319;20
6049;20
6050;20
6051;20
7320;20
6052;20
7321;20
6053;20
6054;20
6055;20
6056;20
6057;20
7322;20
6058;20
7323;20
6059;20
6060;20
6061;20
7324;20
6062;20
6063;20
6064;20
6065;20
6066;20
6067;20
6068;20
6069;20
6070;20
6071;20
6072;20
6073;20
6074;20
7325;20
6075;20
6076;20
7326;20
6077;20
6078;20
6079;20
6080;20
6081;20
6082;20
6083;20
6084;20
6085;20
6086;20
7327;20
6087;20
6088;20
6089;20
6090;20
6091;20
6092;20
6093;20
6094;20
7328;20
6095;20
6096;20
7329;20
6097;20
7330;20
6098;20
6099;20
7331;20
6101;20
6102;20
6103;20
6104;20
7332;20
6105;20
6106;20
6107;20
6108;20
6109;20
6110;20
7333;20
6111;20
7334;20
6112;20
6113;20
7335;20
6114;20
6115;20
6116;20
7336;20
6639;20
6117;20
6118;20
7337;20
6119;20
6120;20
7338;20
6121;20
7339;20
6122;20
6123;20
6125;20
7340;20
7341;20
6126;20
6127;20
6128;20
6129;20
6130;20
7342;20
6131;20
6132;20
7343;20
7344;20
6133;20
6134;20
6135;20
7345;20
6136;20
6137;20
6138;20
6139;20
6141;20
6142;20
6143;20
6144;20
6145;20
7346;20
6146;20
7347;20
6147;20
6148;20
7348;20
6149;20
6150;20
6151;20
7349;20
6152;20
6153;20
6154;20
6155;20
6156;20
6157;20
6158;20
7350;20
6159;20
6160;20
6161;20
6162;20
6163;20
7351;20
7352;20
6164;20
6165;20
6166;20
7353;20
6167;20
6168;20
6169;20
7354;20
6170;20
6171;20
6172;20
6173;20
6174;20
6176;20
7355;20
6178;20
6179;20
6180;20
7356;20
6181;20
7357;20
6182;20
6183;20
7358;20
6184;20
6185;20
6186;20
6187;20
7359;20
6188;20
6189;20
6190;20
7360;20
6191;20
6192;20
6193;20
7361;20
6195;20
6196;20
6197;20
7362;20
6198;20
6199;20
6200;20
7363;20
6201;20
7364;20
6202;20
7365;20
6203;20
6204;20
7366;20
6205;20
6206;20
6207;20
6208;20
6209;20
6210;20
6212;20
6213;20
6214;20
6216;20
6217;20
6218;20
6219;20
6220;20
6221;20
7367;20
7368;20
6222;20
6223;20
7369;20
6224;20
6225;20
7370;20
6661;20
6226;20
6227;20
6229;20
6230;20
6231;20
7371;20
7372;20
6232;20
6233;20
6234;20
6235;20
6236;20
7373;20
6237;20
6238;20
6239;20
6240;20
6241;20
6242;20
6243;20
7374;20
6244;20
6245;20
7375;20
6246;20
6247;20
6248;20
6679;20
6249;20
6250;20
6251;20
6252;20
6253;20
7376;20
6254;20
6255;20
7377;20
6256;20
6257;20
6258;20
6260;20
7378;20
6261;20
6262;20
6263;20
6264;20
6265;20
6266;20
6267;20
6268;20
6269;20
6270;20
6271;20
6272;20
6273;20
7379;20
6275;20
6276;20
7380;20
6277;20
7381;20
7382;20
6278;20
6279;20
6280;20
6281;20
6282;20
6283;20
7383;20
7384;20
6284;20
6285;20
6286;20
6287;20
6288;20
7385;20
7386;20
6289;20
6290;20
6291;20
6292;20
6293;20
6294;20
6295;20
7387;20
7388;20
6296;20
6297;20
6298;20
6299;20
7389;20
7390;20
6300;20
6301;20
6302;20
7391;20
6303;20
6304;20
6305;20
6306;20
6307;20
6309;20
7392;20
6310;20
6311;20
6312;20
6313;20
6314;20
6315;20
6316;20
6317;20
7393;20
6318;20
6319;20
6320;20
7394;20
6321;20
6322;20
7395;20
6323;20
7396;20
6324;20
6325;20
6326;20
6327;20
6328;20
6329;20
6330;20
6331;20
6332;20
7397;20
6333;20
6334;20
6335;20
6336;20
7398;20
7399;20
7400;20
7401;20
6337;20
6338;20
6339;20
6340;20
7402;20
6341;20
6342;20
7403;20
7404;20
6343;20
6344;20
6345;20
6346;20
6347;20
6348;20
6349;20
6350;20
6351;20
6352;20
6353;20
6355;20
6356;20
6357;20
7405;20
6358;20
6359;20
6360;20
6361;20
6362;20
7406;20
7407;20
7408;20
6363;20
6364;20
6365;20
6366;20
6367;20
6368;20
6647;20
6369;20
6370;20
7409;20
6371;20
6372;20
7410;20
6373;20
6374;20
6375;20
7411;20
6376;20
6377;20
6378;20
7412;20
6379;20
6380;20
7413;20
7414;20
6381;20
6382;20
6383;20
6384;20
6385;20
6386;20
6387;20
6388;20
7415;20
6389;20
6390;20
6391;20
6392;20
6393;20
7416;20
7417;20
7418;20
6394;20
6395;20
6654;20
6396;20
6397;20
6398;20
6399;20
6400;20
6401;20
6402;20
6403;20
7419;20
6404;20
7420;20
6405;20
6406;20
6407;20
6408;20
7421;20
6640;20
7422;20
7423;20
7424;20
7425;20
6409;20
6410;20
7426;20
6411;20
7427;20
6412;20
6413;20
6414;20
7428;20
6415;20
6416;20
6417;20
6418;20
7429;20
6419;20
6420;20
6421;20
6422;20
6423;20
6424;20
6425;20
6426;20
6427;20
6428;20
6429;20
6430;20
6431;20
7430;20
7431;20
7432;20
7433;20
7434;20
6432;20
7435;20
7436;20
7437;20
6433;20
6434;20
7438;20
6657;20
6435;20
6436;20
6437;20
7439;20
7440;20
6438;20
7441;20
7442;20
7443;20
6439;20
6440;20
6441;20
6442;20
6443;20
6444;20
7444;20
7445;20
6445;20
6446;20
7446;20
6447;20
6448;20
6449;20
6450;20
6451;20
6452;20
6453;20
7447;20
6454;20
6455;20
6456;20
6457;20
6458;20
6459;20
6460;20
6461;20
6462;20
6463;20
6464;20
6465;20
6466;20
6467;20
7448;20
6468;20
7449;20
6469;20
6470;20
6471;20
6472;20
6473;20
7450;20
7451;20
7452;20
6474;20
6475;20
6476;20
6477;20
6478;20
6479;20
7453;20
6480;20
6481;20
6482;20
6483;20
6484;20
6486;20
6487;20
7454;20
6488;20
6489;20
6490;20
6491;20
6492;20
6493;20
6494;20
6495;20
6496;20
6497;20
6498;20
7455;20
6499;20
6500;20
7456;20
6501;20
6502;20
6503;20
6504;20
7457;20
6505;20
7458;20
6506;20
6507;20
6508;20
6509;20
6510;20
7459;20
7460;20
6512;20
7461;20
6513;20
6514;20
6515;20
6516;20
7462;20
6517;20
6518;20
6519;20
6520;20
6521;20
7463;20
7464;20
6522;20
6523;20
6524;20
6525;20
6526;20
6527;20
